handling_unit,quantity,share_pct
Case Reserve,545696,59.52298365369303
Pallet Reserve,371086,40.47701634630697
