zone,handling_unit,quantity,share_pct
B,Case Reserve,144339,100.0
F,Case Reserve,5772,3.775115110925073
F,Pallet Reserve,147124,96.22488488907493
R,Case Reserve,379867,100.0
W,Case Reserve,15718,6.557910547396528
W,Pallet Reserve,223962,93.44208945260347
